"DESCRIPTION","DURATION IN MS","NAME","PARENT SUITE","START TIME","STATUS","STOP TIME","SUB SUITE","SUITE","TEST CLASS","TEST METHOD"
"","2482","TC09 - Invalid pass shows error","chromium","2026-03-31","passed","2026-03-31","Login Tests (POM)","login.spec.js","",""
"","4965","TC09 - Time dropdown visible","firefox","2026-03-31","passed","2026-03-31","","details.spec.js","",""
"","5040","TC08 - Consultation fee visible","chromium","2026-03-31","passed","2026-03-31","","details.spec.js","",""
"","8237","TC14 - Navigate to profile page","webkit","2026-03-31","passed","2026-03-31","","dashboard.spec.js","",""
"","4051","TC06 - Navigate to Find Doctor","chromium","2026-03-31","passed","2026-03-31","","dashboard.spec.js","",""
"","23008","TC01 - Valid Registration","webkit","2026-03-31","passed","2026-03-31","","register.spec.js","",""
"","8019","Sort fee ascending","webkit","2026-03-31","passed","2026-03-31","","search.spec.js","",""
"","5017","TC01 - Dashboard loads successfully","firefox","2026-03-31","failed","2026-03-31","","dashboard.spec.js","",""
"","10683","Sort by experience","firefox","2026-03-31","failed","2026-03-31","","search.spec.js","",""
"","30299","09 testing withput deetails","firefox","2026-04-01","broken","2026-04-01","","payment.spec.js","",""
"","10139","TC08 - Empty cart message","firefox","2026-03-31","failed","2026-03-31","","dashboard.spec.js","",""
"","3825","API payment processing with invalid booking ID shows error","webkit","2026-03-31","passed","2026-03-31","","payment-api.spec.js","",""
"","7575","test4","webkit","2026-03-31","passed","2026-03-31","","cart.spec.js","",""
"","9384","TC03 - Specialty visible","webkit","2026-03-31","passed","2026-03-31","","details.spec.js","",""
"","8681","test7","webkit","2026-03-31","passed","2026-03-31","","cart.spec.js","",""
"","323","API booking history retrieval without authentication shows error","chromium","2026-03-31","passed","2026-03-31","","payment-api.spec.js","",""
"","5782","Filter Orthopedics","firefox","2026-03-31","passed","2026-03-31","","search.spec.js","",""
"","5835","TC05 - Availability visible","chromium","2026-03-31","passed","2026-03-31","","details.spec.js","",""
"","30054","payment processing test through debit card","chromium","2026-04-01","broken","2026-04-01","","payment.spec.js","",""
"","3382","TC05 - Total spent visible","firefox","2026-03-31","passed","2026-03-31","","dashboard.spec.js","",""
"","13462","test02-adding a cart","webkit","2026-03-31","passed","2026-03-31","","cart.spec.js","",""
"","2015","TC13 - Phone validation","firefox","2026-03-31","passed","2026-03-31","","register.spec.js","",""
"","3993","test5","firefox","2026-03-31","passed","2026-03-31","","profile.spec.js","",""
"","3868","TC14 - Navigate to profile page","firefox","2026-03-31","passed","2026-03-31","","dashboard.spec.js","",""
"","7381","test03- check the heading of the Your Appointments Cart","webkit","2026-03-31","passed","2026-03-31","","cart.spec.js","",""
"","21617","TC15 - Edit full name field","firefox","2026-03-31","passed","2026-03-31","","dashboard.spec.js","",""
"","4534","TC15 - Navigate to Login","firefox","2026-03-31","passed","2026-03-31","","register.spec.js","",""
"","30065","payment processing test through debit card1","webkit","2026-04-01","broken","2026-04-01","","payment.spec.js","",""
"","3048","TC05 - Password Case Sensitive","webkit","2026-03-31","passed","2026-03-31","Login Tests (POM)","login.spec.js","",""
"","2453","TC06 - Email Case Sensitivity","firefox","2026-03-31","passed","2026-03-31","Login Tests (POM)","login.spec.js","",""
"","2488","TC01 - Invalid Login","chromium","2026-03-31","passed","2026-03-31","Login Tests (POM)","login.spec.js","",""
"","3773","TC09 - Navigate back to Dashboard","chromium","2026-03-31","failed","2026-03-31","","dashboard.spec.js","",""
"","11240","Sort by experience","webkit","2026-03-31","failed","2026-03-31","","search.spec.js","",""
"","4871","test4","chromium","2026-03-31","passed","2026-03-31","","profile.spec.js","",""
"","30060","test","chromium","2026-04-01","broken","2026-04-01","","payment.spec.js","",""
"","5237","TC13 - Booking confirmation visible","firefox","2026-03-31","passed","2026-03-31","","dashboard.spec.js","",""
"","3856","test4","chromium","2026-03-31","passed","2026-03-31","","cart.spec.js","",""
"","6562","TC07 - Expertise section visible","chromium","2026-03-31","passed","2026-03-31","","details.spec.js","",""
"","2536","TC05 - Password Case Sensitive","firefox","2026-03-31","passed","2026-03-31","Login Tests (POM)","login.spec.js","",""
"","30381","test8","chromium","2026-03-31","broken","2026-03-31","","cart.spec.js","",""
"","1972","TC03 - Invalid Email","chromium","2026-03-31","passed","2026-03-31","Login Tests (POM)","login.spec.js","",""
"","30086","Search doctor name","firefox","2026-03-31","broken","2026-03-31","","search.spec.js","",""
"","4269","TC16 - Enter DOB","chromium","2026-03-31","passed","2026-03-31","","dashboard.spec.js","",""
"","2619","TC06 - Invalid Phone Number","firefox","2026-03-31","passed","2026-03-31","","register.spec.js","",""
"","1114","get started link","webkit","2026-03-31","passed","2026-03-31","","example.spec.js","",""
"","12768","test5","chromium","2026-04-01","passed","2026-04-01","","payment.spec.js","",""
"","5841","TC16 - Invalid flow (no date select)","firefox","2026-03-31","passed","2026-03-31","","details.spec.js","",""
"","30082","06 testing invalid debita card deetails","webkit","2026-04-01","broken","2026-04-01","","payment.spec.js","",""
"","2326","TC02 - Empty Form","firefox","2026-03-31","passed","2026-03-31","","register.spec.js","",""
"","583","has title","chromium","2026-03-31","passed","2026-03-31","","example.spec.js","",""
"","2341","TC06 - Email Case Sensitivity","chromium","2026-03-31","passed","2026-03-31","Login Tests (POM)","login.spec.js","",""
"","9203","TC12 - View appointment details","webkit","2026-03-31","passed","2026-03-31","","dashboard.spec.js","",""
"","30055","08 testing invalid card expired deetails","chromium","2026-04-01","broken","2026-04-01","","payment.spec.js","",""
"","30153","payment processing test through debit card","firefox","2026-04-01","broken","2026-04-01","","payment.spec.js","",""
"","314","API booking creation without authentication shows error","firefox","2026-03-31","passed","2026-03-31","","payment-api.spec.js","",""
"","12955","TC13 - Add to cart button visible","webkit","2026-03-31","passed","2026-03-31","","details.spec.js","",""
"","16980","Sort fee descending","chromium","2026-03-31","passed","2026-03-31","","search.spec.js","",""
"","8815","TC07 - Open Cart page","webkit","2026-03-31","passed","2026-03-31","","dashboard.spec.js","",""
"","1942","TC09 - Password too short","chromium","2026-03-31","passed","2026-03-31","","register.spec.js","",""
"","315","API booking history retrieval without authentication shows error","firefox","2026-03-31","passed","2026-03-31","","payment-api.spec.js","",""
"","5010","Verify Showing 10 doctors","firefox","2026-03-31","passed","2026-03-31","","search.spec.js","",""
"","3627","TC04 - Completed count visible","chromium","2026-03-31","passed","2026-03-31","","dashboard.spec.js","",""
"","7213","Sort fee ascending","chromium","2026-03-31","passed","2026-03-31","","search.spec.js","",""
"","9569","TC11 - Click Past Records tab","webkit","2026-03-31","passed","2026-03-31","","dashboard.spec.js","",""
"","30038","Filter Psychiatry","chromium","2026-03-31","broken","2026-03-31","","search.spec.js","",""
"","2221","TC04 - Invalid Email Format","chromium","2026-03-31","passed","2026-03-31","Login Tests (POM)","login.spec.js","",""
"","2859","API payment processing with invalid card details shows error","chromium","2026-03-31","passed","2026-03-31","","payment-api.spec.js","",""
"","4227","TC21 - Multiple navigation stability","firefox","2026-03-31","passed","2026-03-31","","dashboard.spec.js","",""
"","4748","TC12 - Success message","webkit","2026-03-31","passed","2026-03-31","","register.spec.js","",""
"","2957","TC13 - Phone validation","webkit","2026-03-31","passed","2026-03-31","","register.spec.js","",""
"","2270","TC08 - Invalid Email shows error","chromium","2026-03-31","passed","2026-03-31","Login Tests (POM)","login.spec.js","",""
"","30057","TC16 - Invalid flow (no date select)","webkit","2026-03-31","broken","2026-03-31","","details.spec.js","",""
"","3105","TC07 - Password validation","firefox","2026-03-31","passed","2026-03-31","","register.spec.js","",""
"","2907","Create session and save login state","chromium","2026-03-31","passed","2026-03-31","","session.spec.js","",""
"","4376","TC16 - Enter DOB","firefox","2026-03-31","passed","2026-03-31","","dashboard.spec.js","",""
"","4587","TC07 - Password validation","webkit","2026-03-31","passed","2026-03-31","","register.spec.js","",""
"","2321","TC02 - Empty login validation","firefox","2026-03-31","passed","2026-03-31","Login Tests (POM)","login.spec.js","",""
"","30060","07 testing invalid cvv card deetails","webkit","2026-04-01","broken","2026-04-01","","payment.spec.js","",""
"","9048","test01","webkit","2026-03-31","passed","2026-03-31","","profile.spec.js","",""
"","4499","TC17 - Enter phone number","chromium","2026-03-31","passed","2026-03-31","","dashboard.spec.js","",""
"","8560","TC01 - Doctor name visible from list","webkit","2026-03-31","passed","2026-03-31","","details.spec.js","",""
"","6504","TC06 Expiry current month edge case","webkit","2026-04-01","passed","2026-04-01","","payment.spec.js","",""
"","11570","TC08 - Consultation fee visible","webkit","2026-03-31","passed","2026-03-31","","details.spec.js","",""
"","499","API payment processing without authentication shows error","firefox","2026-03-31","passed","2026-03-31","","payment-api.spec.js","",""
"","5059","TC10 - Click Upcoming tab","firefox","2026-03-31","passed","2026-03-31","","dashboard.spec.js","",""
"","30041","Search doctor name","chromium","2026-03-31","broken","2026-03-31","","search.spec.js","",""
"","5883","Filter Psychiatry","firefox","2026-03-31","passed","2026-03-31","","search.spec.js","",""
"","4689","API payment processing after booking","webkit","2026-03-31","passed","2026-03-31","","payment-api.spec.js","",""
"","3467","TC06 - Email Case Sensitivity","webkit","2026-03-31","passed","2026-03-31","Login Tests (POM)","login.spec.js","",""
"","11399","TC05 - Availability visible","webkit","2026-03-31","passed","2026-03-31","","details.spec.js","",""
"","11060","TC10 - Next month button visible","webkit","2026-03-31","passed","2026-03-31","","details.spec.js","",""
"","810","has title","firefox","2026-03-31","passed","2026-03-31","","example.spec.js","",""
"","4560","TC07 - Open Cart page","chromium","2026-03-31","passed","2026-03-31","","dashboard.spec.js","",""
"","3940","Filter Orthopedics","chromium","2026-03-31","passed","2026-03-31","","search.spec.js","",""
"","3364","TC14 - Navigate to profile page","chromium","2026-03-31","passed","2026-03-31","","dashboard.spec.js","",""
"","8082","TC19 - Logout button visible","webkit","2026-03-31","passed","2026-03-31","","dashboard.spec.js","",""
"","4297","TC17 - Enter phone number","firefox","2026-03-31","passed","2026-03-31","","dashboard.spec.js","",""
"","3732","test03- check the heading of the Your Appointments Cart","firefox","2026-03-31","passed","2026-03-31","","cart.spec.js","",""
"","30056","test10","chromium","2026-04-01","broken","2026-04-01","","payment.spec.js","",""
"","7580","test02-adding a cart","firefox","2026-03-31","passed","2026-03-31","","cart.spec.js","",""
"","4778","TC22 - Verify headings present","firefox","2026-03-31","failed","2026-03-31","","dashboard.spec.js","",""
"","5833","TC19 - Doctor page loads correctly","chromium","2026-03-31","passed","2026-03-31","","details.spec.js","",""
"","3320","TC19 - Logout button visible","firefox","2026-03-31","passed","2026-03-31","","dashboard.spec.js","",""
"","16773","test6","firefox","2026-03-31","failed","2026-03-31","","cart.spec.js","",""
"","2074","TC08 - Invalid Email Format","firefox","2026-03-31","passed","2026-03-31","","register.spec.js","",""
"","21396","TC05 - Existing Email shows error message","firefox","2026-03-31","passed","2026-03-31","","register.spec.js","",""
"","30170","06 testing invalid debita card deetails","firefox","2026-04-01","broken","2026-04-01","","payment.spec.js","",""
"","7217","TC13 No payment method selected","webkit","2026-04-01","passed","2026-04-01","","payment.spec.js","",""
"","4094","TC01 - Doctor name visible from list","chromium","2026-03-31","passed","2026-03-31","","details.spec.js","",""
"","2326","TC11 - Navigate to Register Page","chromium","2026-03-31","passed","2026-03-31","Login Tests (POM)","login.spec.js","",""
"","766","get started link","chromium","2026-03-31","passed","2026-03-31","","example.spec.js","",""
"","30180","07 testing invalid cvv card deetails","firefox","2026-04-01","broken","2026-04-01","","payment.spec.js","",""
"","2127","TC04 - Successful Register redirects to Login","chromium","2026-03-31","passed","2026-03-31","","register.spec.js","",""
"","4082","TC04 - Successful Register redirects to Login","webkit","2026-03-31","passed","2026-03-31","","register.spec.js","",""
"","6148","TC08 - Consultation fee visible","firefox","2026-03-31","passed","2026-03-31","","details.spec.js","",""
"","1708","TC15 - Navigate to Login","chromium","2026-03-31","passed","2026-03-31","","register.spec.js","",""
"","7796","test3","webkit","2026-03-31","passed","2026-03-31","","profile.spec.js","",""
"","11028","TC02 - Doctor name visible","webkit","2026-03-31","passed","2026-03-31","","details.spec.js","",""
"","30366","Search doctor name","webkit","2026-03-31","broken","2026-03-31","","search.spec.js","",""
"","30044","Search Cardiology","chromium","2026-03-31","broken","2026-03-31","","search.spec.js","",""
"","9692","TC18 - UI stability on reload","webkit","2026-03-31","passed","2026-03-31","","details.spec.js","",""
"","30112","test4","firefox","2026-04-01","broken","2026-04-01","","payment.spec.js","",""
"","5511","TC09 - Time dropdown visible","chromium","2026-03-31","passed","2026-03-31","","details.spec.js","",""
"","4152","test01","firefox","2026-03-31","passed","2026-03-31","","profile.spec.js","",""
"","13628","test6","webkit","2026-03-31","failed","2026-03-31","","cart.spec.js","",""
"","6325","TC10 - Next month button visible","firefox","2026-03-31","passed","2026-03-31","","details.spec.js","",""
"","3818","TC12 - Success message","firefox","2026-03-31","passed","2026-03-31","","register.spec.js","",""
"","2900","test3","chromium","2026-03-31","passed","2026-03-31","","profile.spec.js","",""
"","30056","07 testing invalid cvv card deetails","chromium","2026-04-01","broken","2026-04-01","","payment.spec.js","",""
"","4657","TC13 No payment method selected","chromium","2026-04-01","passed","2026-04-01","","payment.spec.js","",""
"","1594","get started link","firefox","2026-03-31","passed","2026-03-31","","example.spec.js","",""
"","722","has title","webkit","2026-03-31","passed","2026-03-31","","example.spec.js","",""
"","4443","API booking creation with invalid data shows error","webkit","2026-03-31","passed","2026-03-31","","payment-api.spec.js","",""
"","3806","TC06 - Invalid Phone Number","webkit","2026-03-31","passed","2026-03-31","","register.spec.js","",""
"","5987","TC10 - Next month button visible","chromium","2026-03-31","passed","2026-03-31","","details.spec.js","",""
"","5819","TC13 - Add to cart button visible","firefox","2026-03-31","passed","2026-03-31","","details.spec.js","",""
"","4515","TC20 - Dashboard reload stability","chromium","2026-03-31","passed","2026-03-31","","dashboard.spec.js","",""
"","4026","TC09 - Navigate back to Dashboard","firefox","2026-03-31","failed","2026-03-31","","dashboard.spec.js","",""
"","7288","API booking history retrieval after login","firefox","2026-03-31","passed","2026-03-31","","payment-api.spec.js","",""
"","2998","API payment processing with invalid booking ID shows error","chromium","2026-03-31","passed","2026-03-31","","payment-api.spec.js","",""
"","6917","TC18 - UI stability on reload","chromium","2026-03-31","passed","2026-03-31","","details.spec.js","",""
"","5341","TC12 - View appointment details","chromium","2026-03-31","passed","2026-03-31","","dashboard.spec.js","",""
"","5675","TC13 - Add to cart button visible","chromium","2026-03-31","passed","2026-03-31","","details.spec.js","",""
"","3053","TC19 - Logout button visible","chromium","2026-03-31","passed","2026-03-31","","dashboard.spec.js","",""
"","3634","TC05 - Existing Email shows error message","webkit","2026-03-31","passed","2026-03-31","","register.spec.js","",""
"","3750","test4","firefox","2026-03-31","passed","2026-03-31","","profile.spec.js","",""
"","10993","TC10 - Clear Email Field","webkit","2026-03-31","failed","2026-03-31","Login Tests (POM)","login.spec.js","",""
"","10422","TC07 - Expertise section visible","webkit","2026-03-31","passed","2026-03-31","","details.spec.js","",""
"","5138","TC11 - Click Past Records tab","firefox","2026-03-31","passed","2026-03-31","","dashboard.spec.js","",""
"","4532","test6","chromium","2026-03-31","passed","2026-03-31","","cart.spec.js","",""
"","3897","TC15 - Edit full name field","chromium","2026-03-31","passed","2026-03-31","","dashboard.spec.js","",""
"","6708","TC06 - About section visible","chromium","2026-03-31","passed","2026-03-31","","details.spec.js","",""
"","4935","TC06 - Navigate to Find Doctor","firefox","2026-03-31","passed","2026-03-31","","dashboard.spec.js","",""
"","8907","TC15 - Edit full name field","webkit","2026-03-31","passed","2026-03-31","","dashboard.spec.js","",""
"","3056","TC04 - Invalid Email Format","webkit","2026-03-31","passed","2026-03-31","Login Tests (POM)","login.spec.js","",""
"","1838","TC10 - Gender not selected","chromium","2026-03-31","passed","2026-03-31","","register.spec.js","",""
"","3364","API booking creation with invalid data shows error","firefox","2026-03-31","passed","2026-03-31","","payment-api.spec.js","",""
"","10036","Filter Psychiatry","webkit","2026-03-31","passed","2026-03-31","","search.spec.js","",""
"","30161","payment processing test through debit card1","firefox","2026-04-01","broken","2026-04-01","","payment.spec.js","",""
"","3689","TC04 - Completed count visible","firefox","2026-03-31","passed","2026-03-31","","dashboard.spec.js","",""
"","17586","API payment processing with invalid card details shows error","firefox","2026-03-31","passed","2026-03-31","","payment-api.spec.js","",""
"","13295","TC21 - Multiple navigation stability","webkit","2026-03-31","passed","2026-03-31","","dashboard.spec.js","",""
"","4013","TC08 - Invalid Email shows error","webkit","2026-03-31","passed","2026-03-31","Login Tests (POM)","login.spec.js","",""
"","30056","09 testing withput deetails","webkit","2026-04-01","broken","2026-04-01","","payment.spec.js","",""
"","5491","TC19 - Doctor page loads correctly","firefox","2026-03-31","passed","2026-03-31","","details.spec.js","",""
"","2902","test5","firefox","2026-03-31","passed","2026-03-31","","cart.spec.js","",""
"","12172","test4","chromium","2026-04-01","passed","2026-04-01","","payment.spec.js","",""
"","2078","TC03 - Empty Name","chromium","2026-03-31","passed","2026-03-31","","register.spec.js","",""
"","320","API payment processing without authentication shows error","webkit","2026-03-31","passed","2026-03-31","","payment-api.spec.js","",""
"","12190","test02-adding a cart","chromium","2026-03-31","passed","2026-03-31","","cart.spec.js","",""
"","2012","TC07 - Password validation","chromium","2026-03-31","passed","2026-03-31","","register.spec.js","",""
"","6972","test7","chromium","2026-03-31","passed","2026-03-31","","cart.spec.js","",""
"","15681","01 check if cart is empty or not","firefox","2026-03-31","passed","2026-03-31","","cart.spec.js","",""
"","4727","TC01 - Doctor name visible from list","firefox","2026-03-31","passed","2026-03-31","","details.spec.js","",""
"","6862","TC03 - Specialty visible","firefox","2026-03-31","passed","2026-03-31","","details.spec.js","",""
"","7891","TC02 - Doctor name visible","firefox","2026-03-31","passed","2026-03-31","","details.spec.js","",""
"","9457","TC08 - Empty cart message","chromium","2026-03-31","failed","2026-03-31","","dashboard.spec.js","",""
"","5842","TC22 - Verify headings present","chromium","2026-03-31","failed","2026-03-31","","dashboard.spec.js","",""
"","6949","test4","webkit","2026-03-31","passed","2026-03-31","","profile.spec.js","",""
"","7995","Sort rating descending","firefox","2026-03-31","passed","2026-03-31","","search.spec.js","",""
"","3411","TC05 - Total spent visible","chromium","2026-03-31","passed","2026-03-31","","dashboard.spec.js","",""
"","4532","test7","firefox","2026-03-31","passed","2026-03-31","","cart.spec.js","",""
"","3269","TC03 - Invalid Email","webkit","2026-03-31","passed","2026-03-31","Login Tests (POM)","login.spec.js","",""
"","3293","test7","chromium","2026-03-31","passed","2026-03-31","","profile.spec.js","",""
"","2879","TC10 - Gender not selected","webkit","2026-03-31","passed","2026-03-31","","register.spec.js","",""
"","4267","Verify Showing 10 doctors","chromium","2026-03-31","passed","2026-03-31","","search.spec.js","",""
"","3236","TC10 - Click Upcoming tab","chromium","2026-03-31","passed","2026-03-31","","dashboard.spec.js","",""
"","3060","test6","firefox","2026-03-31","passed","2026-03-31","","profile.spec.js","",""
"","2894","TC01 - Valid Registration","chromium","2026-03-31","passed","2026-03-31","","register.spec.js","",""
"","10310","Sort by experience","chromium","2026-03-31","failed","2026-03-31","","search.spec.js","",""
"","3053","TC11 - Navigate to Register Page","webkit","2026-03-31","passed","2026-03-31","Login Tests (POM)","login.spec.js","",""
"","8238","Sort fee descending","webkit","2026-03-31","passed","2026-03-31","","search.spec.js","",""
"","2773","test4","firefox","2026-03-31","passed","2026-03-31","","cart.spec.js","",""
"","16992","test4","webkit","2026-04-01","passed","2026-04-01","","payment.spec.js","",""
"","8165","TC04 - Completed count visible","webkit","2026-03-31","passed","2026-03-31","","dashboard.spec.js","",""
"","30029","test02","webkit","2026-03-31","broken","2026-03-31","","profile.spec.js","",""
"","5786","TC07 - Expertise section visible","firefox","2026-03-31","passed","2026-03-31","","details.spec.js","",""
"","32175","test8","firefox","2026-03-31","broken","2026-03-31","","cart.spec.js","",""
"","30055","06 testing invalid debita card deetails","chromium","2026-04-01","broken","2026-04-01","","payment.spec.js","",""
"","6937","API booking history retrieval after login","webkit","2026-03-31","passed","2026-03-31","","payment-api.spec.js","",""
"","5213","TC02 - User name visible","firefox","2026-03-31","passed","2026-03-31","","dashboard.spec.js","",""
"","6690","test5","webkit","2026-03-31","passed","2026-03-31","","cart.spec.js","",""
"","10516","TC13 - Booking confirmation visible","webkit","2026-03-31","passed","2026-03-31","","dashboard.spec.js","",""
"","8962","Sort rating descending","webkit","2026-03-31","passed","2026-03-31","","search.spec.js","",""
"","8154","test6","webkit","2026-03-31","passed","2026-03-31","","profile.spec.js","",""
"","14147","TC08 - Empty cart message","webkit","2026-03-31","failed","2026-03-31","","dashboard.spec.js","",""
"","6847","TC07 - Spaces in Input","webkit","2026-03-31","passed","2026-03-31","Login Tests (POM)","login.spec.js","",""
"","8069","Sort fee descending","firefox","2026-03-31","passed","2026-03-31","","search.spec.js","",""
"","2791","TC09 - Invalid pass shows error","firefox","2026-03-31","passed","2026-03-31","Login Tests (POM)","login.spec.js","",""
"","6011","TC03 - Specialty visible","chromium","2026-03-31","passed","2026-03-31","","details.spec.js","",""
"","2598","TC03 - Empty Name","webkit","2026-03-31","passed","2026-03-31","","register.spec.js","",""
"","8612","TC01 - Dashboard loads successfully","webkit","2026-03-31","failed","2026-03-31","","dashboard.spec.js","",""
"","2705","TC12 - Success message","chromium","2026-03-31","passed","2026-03-31","","register.spec.js","",""
"","2652","TC15 - Navigate to Login","webkit","2026-03-31","passed","2026-03-31","","register.spec.js","",""
"","5641","TC02 - Doctor name visible","chromium","2026-03-31","passed","2026-03-31","","details.spec.js","",""
"","3480","TC02 - User name visible","chromium","2026-03-31","passed","2026-03-31","","dashboard.spec.js","",""
"","4445","test03- check the heading of the Your Appointments Cart","chromium","2026-03-31","passed","2026-03-31","","cart.spec.js","",""
"","2403","test02","chromium","2026-03-31","passed","2026-03-31","","profile.spec.js","",""
"","8760","TC10 - Click Upcoming tab","webkit","2026-03-31","passed","2026-03-31","","dashboard.spec.js","",""
"","30089","Search raghu or no doctors","firefox","2026-03-31","broken","2026-03-31","","search.spec.js","",""
"","30054","09 testing withput deetails","chromium","2026-04-01","broken","2026-04-01","","payment.spec.js","",""
"","3826","test01","chromium","2026-03-31","passed","2026-03-31","","profile.spec.js","",""
"","30067","payment processing test through debit card1","chromium","2026-04-01","broken","2026-04-01","","payment.spec.js","",""
"","30051","test","webkit","2026-04-01","broken","2026-04-01","","payment.spec.js","",""
"","3965","test3","firefox","2026-03-31","passed","2026-03-31","","profile.spec.js","",""
"","4601","TC13 - Booking confirmation visible","chromium","2026-03-31","passed","2026-03-31","","dashboard.spec.js","",""
"","5339","TC16 - Invalid flow (no date select)","chromium","2026-03-31","passed","2026-03-31","","details.spec.js","",""
"","2125","TC08 - Invalid Email Format","chromium","2026-03-31","passed","2026-03-31","","register.spec.js","",""
"","5029","TC03 - Empty Name","firefox","2026-03-31","passed","2026-03-31","","register.spec.js","",""
"","311","API booking creation without authentication shows error","webkit","2026-03-31","passed","2026-03-31","","payment-api.spec.js","",""
"","4294","TC20 - Dashboard reload stability","firefox","2026-03-31","passed","2026-03-31","","dashboard.spec.js","",""
"","30094","payment processing test through debit card","webkit","2026-04-01","broken","2026-04-01","","payment.spec.js","",""
"","4802","API payment processing with invalid card details shows error","webkit","2026-03-31","passed","2026-03-31","","payment-api.spec.js","",""
"","5505","TC18 - Save profile changes","firefox","2026-03-31","passed","2026-03-31","","dashboard.spec.js","",""
"","4097","TC14 - Invalid Name","firefox","2026-03-31","passed","2026-03-31","","register.spec.js","",""
"","4335","TC11 - Click Past Records tab","chromium","2026-03-31","passed","2026-03-31","","dashboard.spec.js","",""
"","6557","TC04 - Successful Register redirects to Login","firefox","2026-03-31","passed","2026-03-31","","register.spec.js","",""
"","9930","test5","firefox","2026-04-01","passed","2026-04-01","","payment.spec.js","",""
"","3560","TC02 - Empty login validation","webkit","2026-03-31","passed","2026-03-31","Login Tests (POM)","login.spec.js","",""
"","2420","TC03 - Invalid Email","firefox","2026-03-31","passed","2026-03-31","Login Tests (POM)","login.spec.js","",""
"","7541","TC10 - Clear Email Field","chromium","2026-03-31","failed","2026-03-31","Login Tests (POM)","login.spec.js","",""
"","3617","Create session and save login state","webkit","2026-03-31","passed","2026-03-31","","session.spec.js","",""
"","3394","TC07 - Open Cart page","firefox","2026-03-31","passed","2026-03-31","","dashboard.spec.js","",""
"","1870","TC09 - Password too short","firefox","2026-03-31","passed","2026-03-31","","register.spec.js","",""
"","30063","08 testing invalid card expired deetails","webkit","2026-04-01","broken","2026-04-01","","payment.spec.js","",""
"","5677","TC12 - View appointment details","firefox","2026-03-31","passed","2026-03-31","","dashboard.spec.js","",""
"","8029","Verify Showing 10 doctors","webkit","2026-03-31","passed","2026-03-31","","search.spec.js","",""
"","4875","TC09 - Invalid pass shows error","webkit","2026-03-31","passed","2026-03-31","Login Tests (POM)","login.spec.js","",""
"","9696","test5","webkit","2026-04-01","passed","2026-04-01","","payment.spec.js","",""
"","1944","TC05 - Existing Email shows error message","chromium","2026-03-31","passed","2026-03-31","","register.spec.js","",""
"","3040","test5","chromium","2026-03-31","passed","2026-03-31","","profile.spec.js","",""
"","2641","TC14 - Invalid Name","webkit","2026-03-31","passed","2026-03-31","","register.spec.js","",""
"","7983","01 check if cart is empty or not","webkit","2026-03-31","passed","2026-03-31","","cart.spec.js","",""
"","2138","TC02 - Empty Form","chromium","2026-03-31","passed","2026-03-31","","register.spec.js","",""
"","5913","TC13 No payment method selected","firefox","2026-04-01","passed","2026-04-01","","payment.spec.js","",""
"","3437","API booking history retrieval after login","chromium","2026-03-31","passed","2026-03-31","","payment-api.spec.js","",""
"","10406","TC04 - Location visible","webkit","2026-03-31","passed","2026-03-31","","details.spec.js","",""
"","2820","TC11 - DOB validation","firefox","2026-03-31","passed","2026-03-31","","register.spec.js","",""
"","2171","TC04 - Invalid Email Format","firefox","2026-03-31","passed","2026-03-31","Login Tests (POM)","login.spec.js","",""
"","30106","TC02 - User name visible","webkit","2026-03-31","broken","2026-03-31","","dashboard.spec.js","",""
"","3083","TC01 - Invalid Login","webkit","2026-03-31","passed","2026-03-31","Login Tests (POM)","login.spec.js","",""
"","30051","TC18 - Save profile changes","webkit","2026-03-31","broken","2026-03-31","","dashboard.spec.js","",""
"","9118","TC06 - Navigate to Find Doctor","webkit","2026-03-31","passed","2026-03-31","","dashboard.spec.js","",""
"","6323","API payment processing after booking","chromium","2026-03-31","passed","2026-03-31","","payment-api.spec.js","",""
"","3130","Create session and save login state","firefox","2026-03-31","passed","2026-03-31","","session.spec.js","",""
"","5392","TC05 - Availability visible","firefox","2026-03-31","passed","2026-03-31","","details.spec.js","",""
"","30044","Search Cardiology","webkit","2026-03-31","broken","2026-03-31","","search.spec.js","",""
"","2488","TC10 - Gender not selected","firefox","2026-03-31","passed","2026-03-31","","register.spec.js","",""
"","2828","TC11 - Navigate to Register Page","firefox","2026-03-31","passed","2026-03-31","Login Tests (POM)","login.spec.js","",""
"","7980","test7","webkit","2026-03-31","passed","2026-03-31","","profile.spec.js","",""
"","1895","TC11 - DOB validation","chromium","2026-03-31","passed","2026-03-31","","register.spec.js","",""
"","3419","TC14 - Invalid Name","chromium","2026-03-31","passed","2026-03-31","","register.spec.js","",""
"","4017","01 check if cart is empty or not","chromium","2026-03-31","passed","2026-03-31","","cart.spec.js","",""
"","6489","Sort rating descending","chromium","2026-03-31","passed","2026-03-31","","search.spec.js","",""
"","7883","TC20 - Dashboard reload stability","webkit","2026-03-31","passed","2026-03-31","","dashboard.spec.js","",""
"","3064","TC11 - DOB validation","webkit","2026-03-31","passed","2026-03-31","","register.spec.js","",""
"","4480","TC06 Expiry current month edge case","chromium","2026-04-01","passed","2026-04-01","","payment.spec.js","",""
"","303","API booking creation without authentication shows error","chromium","2026-03-31","passed","2026-03-31","","payment-api.spec.js","",""
"","30368","test8","webkit","2026-03-31","broken","2026-03-31","","cart.spec.js","",""
"","5926","TC01 - Dashboard loads successfully","chromium","2026-03-31","failed","2026-03-31","","dashboard.spec.js","",""
"","8898","TC19 - Doctor page loads correctly","webkit","2026-03-31","passed","2026-03-31","","details.spec.js","",""
"","7833","test7","firefox","2026-03-31","passed","2026-03-31","","profile.spec.js","",""
"","3297","TC18 - Save profile changes","chromium","2026-03-31","passed","2026-03-31","","dashboard.spec.js","",""
"","8977","TC22 - Verify headings present","webkit","2026-03-31","failed","2026-03-31","","dashboard.spec.js","",""
"","6836","TC18 - UI stability on reload","firefox","2026-03-31","passed","2026-03-31","","details.spec.js","",""
"","3712","TC21 - Multiple navigation stability","chromium","2026-03-31","passed","2026-03-31","","dashboard.spec.js","",""
"","10450","test","firefox","2026-04-01","passed","2026-04-01","","payment.spec.js","",""
"","10222","TC09 - Navigate back to Dashboard","webkit","2026-03-31","failed","2026-03-31","","dashboard.spec.js","",""
"","11741","TC06 - About section visible","webkit","2026-03-31","passed","2026-03-31","","details.spec.js","",""
"","30090","TC10 - Clear Email Field","firefox","2026-03-31","broken","2026-03-31","Login Tests (POM)","login.spec.js","",""
"","2732","TC08 - Invalid Email Format","webkit","2026-03-31","passed","2026-03-31","","register.spec.js","",""
"","3543","test6","chromium","2026-03-31","passed","2026-03-31","","profile.spec.js","",""
"","3777","API payment processing after booking","firefox","2026-03-31","passed","2026-03-31","","payment-api.spec.js","",""
"","30042","Search raghu or no doctors","chromium","2026-03-31","broken","2026-03-31","","search.spec.js","",""
"","2589","TC02 - Empty Form","webkit","2026-03-31","passed","2026-03-31","","register.spec.js","",""
"","2075","TC05 - Password Case Sensitive","chromium","2026-03-31","passed","2026-03-31","Login Tests (POM)","login.spec.js","",""
"","2349","TC07 - Spaces in Input","firefox","2026-03-31","passed","2026-03-31","Login Tests (POM)","login.spec.js","",""
"","30101","Search Cardiology","firefox","2026-03-31","broken","2026-03-31","","search.spec.js","",""
"","5644","TC04 - Location visible","chromium","2026-03-31","passed","2026-03-31","","details.spec.js","",""
"","1852","TC07 - Spaces in Input","chromium","2026-03-31","passed","2026-03-31","Login Tests (POM)","login.spec.js","",""
"","30187","test10","firefox","2026-04-01","broken","2026-04-01","","payment.spec.js","",""
"","30098","test10","webkit","2026-04-01","broken","2026-04-01","","payment.spec.js","",""
"","7394","Sort fee ascending","firefox","2026-03-31","passed","2026-03-31","","search.spec.js","",""
"","1903","TC06 - Invalid Phone Number","chromium","2026-03-31","passed","2026-03-31","","register.spec.js","",""
"","10966","TC09 - Time dropdown visible","webkit","2026-03-31","passed","2026-03-31","","details.spec.js","",""
"","4190","test02","firefox","2026-03-31","passed","2026-03-31","","profile.spec.js","",""
"","6273","Filter Orthopedics","webkit","2026-03-31","passed","2026-03-31","","search.spec.js","",""
"","30153","08 testing invalid card expired deetails","firefox","2026-04-01","broken","2026-04-01","","payment.spec.js","",""
"","8303","TC17 - Enter phone number","webkit","2026-03-31","passed","2026-03-31","","dashboard.spec.js","",""
"","2642","TC09 - Password too short","webkit","2026-03-31","passed","2026-03-31","","register.spec.js","",""
"","30010","API booking creation with invalid data shows error","chromium","2026-03-31","broken","2026-03-31","","payment-api.spec.js","",""
"","1721","TC13 - Phone validation","chromium","2026-03-31","passed","2026-03-31","","register.spec.js","",""
"","4194","TC01 - Valid Registration","firefox","2026-03-31","passed","2026-03-31","","register.spec.js","",""
"","2044","TC01 - Invalid Login","firefox","2026-03-31","passed","2026-03-31","Login Tests (POM)","login.spec.js","",""
"","4638","test5","chromium","2026-03-31","passed","2026-03-31","","cart.spec.js","",""
"","6036","TC06 - About section visible","firefox","2026-03-31","passed","2026-03-31","","details.spec.js","",""
"","2627","TC08 - Invalid Email shows error","firefox","2026-03-31","passed","2026-03-31","Login Tests (POM)","login.spec.js","",""
"","3979","API payment processing with invalid booking ID shows error","firefox","2026-03-31","passed","2026-03-31","","payment-api.spec.js","",""
"","1853","TC02 - Empty login validation","chromium","2026-03-31","passed","2026-03-31","Login Tests (POM)","login.spec.js","",""
"","6359","TC04 - Location visible","firefox","2026-03-31","passed","2026-03-31","","details.spec.js","",""
"","30064","Search raghu or no doctors","webkit","2026-03-31","broken","2026-03-31","","search.spec.js","",""
"","7070","test5","webkit","2026-03-31","passed","2026-03-31","","profile.spec.js","",""
"","6955","TC06 Expiry current month edge case","firefox","2026-04-01","passed","2026-04-01","","payment.spec.js","",""
"","8564","TC16 - Enter DOB","webkit","2026-03-31","passed","2026-03-31","","dashboard.spec.js","",""
"","333","API payment processing without authentication shows error","chromium","2026-03-31","passed","2026-03-31","","payment-api.spec.js","",""
"","313","API booking history retrieval without authentication shows error","webkit","2026-03-31","passed","2026-03-31","","payment-api.spec.js","",""
"","7992","TC05 - Total spent visible","webkit","2026-03-31","passed","2026-03-31","","dashboard.spec.js","",""
